{"total_rewards": 160.0, "shaped_coefficient": 0.08085763454437256, "env_step": 6893568, "scaled_shaped_reward": 0.0, "scaled_reward": 0.0, "base_reward": 160.0, "_timestamp": 1722349610.1750157, "_runtime": 41.73483371734619, "_step": 561, "_wandb": {"runtime": 41}}