{"total_rewards": 85.83333587646484, "shaped_coefficient": 0.891865611076355, "env_step": 811008, "scaled_shaped_reward": 0.0, "scaled_reward": 0.0, "base_reward": 85.83333587646484, "actor_loss": -0.04770075902342796, "other_action_pred_loss": 0.00042605504859238863, "gae_loss": -0.009565617889165878, "_timestamp": 1722351021.3997176, "_runtime": 12.655816555023193, "_step": 66, "_wandb": {"runtime": 12}}