{"total_rewards": 1.6666666269302368, "shaped_coefficient": 0.9787008166313171, "env_step": 159744, "scaled_shaped_reward": 0.0, "scaled_reward": 0.0, "base_reward": 1.6666666269302368, "total_actor_loss": 0.21364757418632507, "actor_loss_only": -0.0016277432441711426, "decoder_loss": 0.00720403203740716, "reward_loss": 0.0002451434265822172, "rep_loss": 0.27894753217697144, "other_action_prediction_loss": 0.0004260592395439744, "_timestamp": 1722351771.1264222, "_runtime": 47.8298761844635, "_step": 13, "_wandb": {"runtime": 50}}