{"total_rewards": 140.0, "shaped_coefficient": 0.5150336027145386, "env_step": 3637248, "scaled_shaped_reward": 0.0, "scaled_reward": 0.0, "base_reward": 140.0, "actor_loss": -0.028483886271715164, "other_action_pred_loss": 0.00042605443741194904, "gae_loss": -0.0028439494781196117, "_timestamp": 1722350714.095838, "_runtime": 34.46977210044861, "_step": 296, "_wandb": {"runtime": 34}}