{"total_rewards": 266.09375, "shaped_coefficient": 0.8567570447921753, "env_step": 10027008, "scaled_shaped_reward": 0.0, "scaled_reward": 0.0, "base_reward": 266.09375, "_timestamp": 1722350281.3542488, "_runtime": 32.942221879959106, "_step": 153, "_wandb": {"runtime": 32}}