{"total_rewards": 63.33333206176758, "shaped_coefficient": 0.9049727916717529, "env_step": 712704, "scaled_shaped_reward": 0.0, "scaled_reward": 0.0, "base_reward": 63.33333206176758, "actor_loss": -0.05816854536533356, "other_action_pred_loss": 0.0004260553978383541, "gae_loss": -0.0100288987159729, "_timestamp": 1722351081.4344883, "_runtime": 13.603716373443604, "_step": 58, "_wandb": {"runtime": 12}}