{"total_rewards": 3.75, "shaped_coefficient": 0.9361023902893066, "env_step": 479232, "scaled_shaped_reward": 0.0, "scaled_reward": 0.0, "base_reward": 3.75, "total_actor_loss": 0.2145814746618271, "actor_loss_only": -0.005387372337281704, "decoder_loss": 0.007204393856227398, "reward_loss": 0.0008205746999010444, "rep_loss": 0.27894824743270874, "other_action_prediction_loss": 0.0004260568821337074, "_timestamp": 1722354476.5169196, "_runtime": 159.95483660697937, "_step": 39, "_wandb": {"runtime": 163}}