{"total_rewards": 51.40625, "shaped_coefficient": 0.9616146087646484, "env_step": 2686976, "scaled_shaped_reward": 0.0, "scaled_reward": 0.0, "base_reward": 51.40625, "_timestamp": 1722349723.328286, "_runtime": 13.948880910873413, "_step": 41, "_wandb": {"runtime": 13}}