{"total_rewards": 4.166666507720947, "shaped_coefficient": 0.9574015736579895, "env_step": 319488, "scaled_shaped_reward": 0.0, "scaled_reward": 0.0, "base_reward": 4.166666507720947, "total_actor_loss": 0.2148403525352478, "actor_loss_only": -0.0032116835936903954, "decoder_loss": 0.007581709884107113, "reward_loss": 0.0002722084173001349, "rep_loss": 0.2789486348628998, "other_action_prediction_loss": 0.0004260592977516353, "_timestamp": 1722351323.5465488, "_runtime": 81.42960596084595, "_step": 26, "_wandb": {"runtime": 83}}